INSERT INTO User(nhi, firstName, middleName, lastName, preferedName, dob, dod, timeCreated, lastModified, profilePicture) VALUES
  ('ABC1234','Allan','Danny Zurich','Levi','Al','1997-01-01', NULL, '2015-06-01 00:01:01','2017-09-07 13:01:01','iVBORw0KGgoAAAANSUhEUgAAANIAAAAzCAYAAADigVZlAAAQN0lEQVR4nO2dCXQTxxnHl0LT5jVteHlN+5q+JCKBJITLmHIfKzBHHCCYBAiEw+I2GIMhDQ0kqQolIRc1SV5e+prmqX3JawgQDL64bK8x2Ajb2Bg7NuBjjSXftmRZhyXZ1nZG1eL1eGa1kg2iyua9X2TvzvHNN/Ofb2Z2ZSiO4ygZGZm+EXADZGSCgYAbICMTDATcABmZYCDgBsjIBAMBN0BGJhgIuAEyMsGA1wQdHZ1UV1cX5XK5qM7OzgcMRuNTrSbTEraq6strhdfzruTk5Wpz8q5c1l7Jyb6szc3K1l7RggtFxcWX2dvVB02mtmVOp3NIV2fnQFie2WyB5QS84TIy/YnXBFBI8BMM/pDqat0XzIVM08lTSVxyytn6jAuZV4FuzmtzclJz8/LT8vML0nJzr54HYkpLS88oTkxMMZ48mchlXrxUX1ffcBCUM8xms8lCkgk6pCT6aZvZvCrzYpbu2PfxHAg8l+obGmOt1vaJQBAPkvI5nM5fWyyWWTU1tfuA+IqOHDvGgehVCK4pA91oGZn+xluCAc0thtj4hCT72XOp9S0thi2FBQWPvb13z9RN61QH5s8NYxbMDct7KXyudt7MGeeWLFrwn8iVKz7auDZy3Z7dbzz91p43B8ZsjYLlDKmprd3/ffwpLjWNqbW32xcFuuEyMv2J2M1BJpMpKiExxZKZeamira1tvvqdt8OWL1l8asq4kNbRzz7NTRo7uuMPo4Y7Rz/zFBc64lluzHNDuZFDFe5PICx25/aY2B3bogf/dd9fKCA+CuytohOSkjuyLmtLXRwXGujGy8j0F8Qbdrt9bDpzQQ8jSHl5+dLt0VsOThgzwj7i6Se5kOHDuIljR9mXRrykjZj/wlVeSONHP8+FhykrJoeOsY8aNoQLAYJa9erShIPvvRsKhQTK/YleX3Pw5KlErpKt+iLQjZeR6S9IN35VXl75r3gw4HU6/Z6ojes/gMKAUQiKBQKiUvvLC1/MXL18WcKsaZOrJ4WObly7euUJsOQ7FjZ9Sh2IVC4oLhihZk6d1LB5/dpt+9R/hnuq4Xl5VwvT0jLKXS7XOHgaCAm0I2Rk+gL2os1mewXsiUw5uXlZn8T9LVI5ZWI1jEQTxozkgECgkDrmKqfrFy8ILwJ7om+3bNoQumTRwtDoqE0fTBsf2ggwg+jVBdOCT7eYwGfnti2bQXA6ME2nr9mbnHLOWV/fEI3WTdO0jMzdZjBAKWBwX8ojCqm8vOJoYvLp9qPfHTmy5rXlJ+BSbtzI5+5EI4ALRCTHHHpaQ8zWqOidO2IooBAKRKRDQDwGevJ4w8SQUR0e0bmB0QxEKh2IYsdbTW0zmIxM4/Wi4q9BfQMkCikCoAEUADgEeI3xOOVedkicp14e1V2uLwSpTwxNAPwRaGC7OQFqQp9xGDT+1ksUUubFrMoLFy/VL5g7+4ep48fa+P0Pz9jnn4H7JCcQBbP79V1rgJDmASE9um7NqvmxMdFbVateiwd7KKswHx+dwBKwzGq1jgDRrjQ7W5sB6hvsRUhQQCyh8Sg4xwW64/oTpUQ/CIm7xz652yg9flb40R+xIn5i/LWJKKSk5NOuwqIi7cSQkXooAD6ywE8YneDyLWrDuq/WR67+BvxcB5dtG9dGHgF7oZsgSuWFz555c0LISKcwIvHlAHSdnR0P37h5699pzIW6NrNlptFoIglJ7cOAgcTf40711nH3g5AguEH3/4YGaZPSj/6Ix/hGmKd/hXQqIanz5q1b8WA5VwOXdLwgoIjAsk2/Y1v0odUrXj0OT+vgNSCkjgXzZleANF3wpI6PRALxcDDt7BlTby+NWPgdqOPBisrKz8E+zFFXX79Sp9fjhKQiDAqjx6kRHmfCdHDWZek+zCp+gnac6i7XhxOSUkAExiZI7D32y73wtbKfy/CnPDdEISUkJjsrKiqPhocp86ZPGGeDSzkIWJa1Rq5ccXyDas1X8PBBuG9Cow8UE/yEaYYPeZybPnFcM1gGRh/6+KNhNbV1o7Mua29dysrOdblcQ4SvDHmMg5s/I2ZAxNP+bQz5zaVaABz0ij7kh6D7NVJnwL1NLJLXn47DCQmXjkXSqAnpFB4/CO2KkODjEE861B9i7VcKwPldgaQJQfKi4yFWkNZbPXzZuP4iQRobaLrBIhEpubP0xq2E9989MHnLpg3rX5hFlz3/1BMcWLaVRm/eeIieNL4KRhi450EjDxQOvAf2T+mrli9bDZaAq3Zu37b3nbf2zvnwg/d/DoRENbcYRmhzcn84n5peDkQ0FbNHUmMGjD/LtsGesnCi5GEEnYbLH+clP9ox6ABiRdKzmDz9ISR0wKgx7WJE7ILtxUUxlQQfGDFtQutC7cH1OUPIi8NbPWjZUtBgbIzApFMQhZSccrbrav61zAqWfWR79JbJ8+eG5Q97/HccfB0I/P4eEJADRigoJP6NBvgzBC715s2coTuwf9+0qI3rKbB3ooCQKCAkCgiJgkKCS7uWFuMbiUkpjpzcvCvg9yGIkFicwZiGeRMR7oQPB+x8VEy+5OcRDiDcoCdBErI/QsINdmH5pGiPAxUT6cQLxYjkY5D7aozdaiQNQ8iLoz+EhPY1i7FRg7ORKKTUtHSdVptTarPZhr737oFHgRj+7lmeVcRsjfrwxdkzc+DSDj50VU6Z0LR5/drDK5a8HLt4QfhusAfaBUQz8tDHHw/atE5FEhLkods6/ZfHjsdzZWXlJwRCGoxppAbTKG+gjeadoyZ0Duo43MbU6LmuJpTPCwk3WGFHqTyg9xiJbcIJSS2AtJkWG9R89Imgew8mI91zmcfQPfeo/D21iC9wdUZg2oaWoaG7xYvm59vFQ6qHt0EloQycb4WTN25cuttBFBKIRpfAsstkNpvD4Xtye9/802PLFi/6J1y6LXpx3mUQleJARHKCaGRbvWLZO1AwQEgUEBIFhOQWDRAS5UVIFOfinrheVHw2MTmFEwgJ1yAVxvFiKDBlaJA0uJmbrycEcw+3P0PTCDtOeJ1F8uKWCFL2fr5EOZzNOL+g0Qq9Lxz0IQQ7ceUKhSR2jzRxqb2Uj/MP46Ueb2WwyH1hREaPzln+HlFIjY1N+1NSzlirq/Wfg99/9saunVRszLaHdu3YHg32PueAOP4Klm8lk0JHt4GfZ6yPXE0tf2WxZCHZ7Q7K4XC667I77IuZC5nehIRzvBhqJD86s/KgM7CG7p4FUafh8pPsRAeFhu69SfWnjTgBisEi5aKDoQBjl7f9FSqgWBq/FPdVSIxIvTh/+Sok3OSI5kf7XbgvR/1yR2REIXV0dIRmX9beys7WljsdzhEeIQFBxFDLXl5E7doRMzFs+pTG+XNmFX726acPHo6Loz45fJhasmihG29CstraqfZ2+wCXyzWCZau+T0w63d9CQgcy6aACdRxDcJqKkJ9kp9Q9iK9tVGPyqQXgDkbg7wqCX6SgRmyAdmpo7w/JAyEk1Calj2WgYjOKXL8zsRKFBKNQA4hKp8+c62poaPwjfI0HLOfcX4WAYoqO2jQKLPVSdr++azsUkK9CagdCstnah14rvJ767XdHHSUlN64IhISbOdDO9IZYp4gNTIbGd7wCk1ch0jHodf4VJjGkHDig9nKYNLCDWSQN/3YD6hdWgl38JOLtpA9FTEg4f6JlqwX3pAoJTRMiUgZDKAP1HcyHTrgaYR4xIVFOp/PJgmuFFfngf52dnU+Q0nkDLuOsVitlb293Cwhib7dTFotlWloaU3s1vyANpHsUObVDHcISGt1XIWkIzpXSabhlli8zsD+oJdpGirRS/YIDd4LJeurCTX68WKQsqXA+E9qG+ho9FSSVIbwnVUgajB1olO8xEYgKCdLaaoouKv6hrNXYOt9ut8PlGAF3hMGWAa83NjVRNpDG4XDcwWg0rklLZ7iS0hufgXQDESHhliBCx3oDdUYBIR1LqAOtGxct0DqEHYd7eHg3hMRKbD9D8KvUZ3MqTFuFbVKI+AIdwDh/4soXTj5ouxkabyfJBl+E5G0f2isfUUjwD5RAzGbzQzW1dXOqdbphNbW1VE0NHp1OD6KOTVRI7UCIgusP6Gtq9iWnnOmqul0dhXkgi3M+BM5+pNOtELp7pvDWMRDcC4x8B6OzLzrgcLOssOPQAcuK2N0XIfXqVI9tqJB5+8Xa7Eu96IuwuP4Suyf0J85ejhYX0t2MSBTBHh4Vmp4opJYWgxujsZWqr2+ggJAoXY2eAoO/F/Ce1YYXkVBIMKKB5SJc0sGl3rC8/ALt2fNpzQ6HM9zVW0i4WVXoRP5ZjprufrbB0d0RBfccx0h3v8aCK1voWLTjOE+d/GsxJEeLzbAFdPdRMv/KUSwtfX+Es4ulex42kHzGd74Cc8/ouc8LXen5PV6QD62XEaRXENrrbVI00uIPvMWExHl8F0/37DeSDb4KieRHFpeeKCSDwegGCqmurt4tFn9E1CMigaWd52/jQX5fUlqakprOmMB/LzU3N+OEJNYgKc735agYfbPBl6f/pI5jfMgnNVr5UiYPuqxV+5CXFz4uAguFgFuKS53hSQj7UuzrD3x09LYXQ9vN0GQ/k8aOGpe+T0K6XV1NWaxWKYcNA1sMhgdANHLvgzo7u9zXK1n20PnzaVYQ8ZbB5SFBSPzszkp0vgLjEG+dyNL4iEBacvBovHQcFIeU42ZWpEP7KiTSS75qifmF/sS1lwc30H3pB1xkEgpJIZKfj5q4yOevkEjix054fgsJfu0BwkcZEqCs3zQ2Ne8pLin5urpad8hkaltQUnLjGbDfimQyLhjg298gDe7tb9Isoabx3wRV0/jXTvgBrfKkE+aLE8kjzCtcQvD5FB7UCLgyQgh288tTJSEfaVJB68QRQXt/N1GBaRuPmsY/OyP5UYov+DTCvBq65/JRCGq/AlM3tF+4xBSzQYncw7VPCOlhff8ICQqotq7OfRghWKphMZstaxKTUywnTp5qPHP2vOn0mXNcKpNhPpWYxKWmpjeDZd0WtG4vjZORuRcoafEI2QO/hASXdAajUcozpEGF14uPpgPhWK22xRaLdUbV7eo3b9ws28+yVXsdDvtceHonC0nmPoShey89ien9jkjNLQaqrc1MxASw2donpaZn1JeVlyeBfdEv2232O/sjMe4DJ8r8+GDo7i8K4va1KrH8PgsJPkuC+yL4tgL8JAGPucvKK2MzM7PaWltbl4AyB/wvj10Wksz9CCeCaDSC+CQkGInq6utF90Q8oIzf5l0tuFheXvkPsI962HN6JwtJ5n6FofEiwn3hsxeShVQF9kVQRPDfSZKwN6Kampt3Xiu83mQymcL5a/BrE1BMspBk7kNUdO8TVeGJoCiShOR+DaiuTvKfFQbpHqmoqMzW6/WJ8PgbOQ6XkQlKsBd5IUFaDAbJkQhitdpWgKUg226zLYS/y0KS+TGAvdjc3OKmqamFamtroywWq+gpHY/ZbBnU3GL4FHx+A8r5BeEhrYxM0BFwA2RkgoGAGyAjEwwE3AAZmWAg4AbIyAQDATdARiYYCLgBMjLBQMANkJEJBgJugIxMMPBfChd6NRZ5pkMAAAAASUVORK5CYII='),
  ('DEF2314','Mark','Jimmy', NULL,'Mark','1995-01-01', NULL, '2017-01-01 16:15:01','2018-01-05 17:01:01', NULL),
  ('XYZ1234','Lily','Ruby Rose','Latifer', 'Li', '1987-01-01', NULL,'2013-11-04 18:12:43','2018-05-05 13:14:32', NULL),
  ('XYZ4321','Kenny', NULL,'Roger', NULL, '1987-01-01', '2017-06-15','2013-11-04 18:12:43','2017-06-15 13:14:32', NULL);

INSERT INTO Clinician(staffId, firstName, middleName, lastName, timeCreated, lastModified) VALUES
  ('16','Remi','Fabinus','Rulie','1983-10-04 20:12:43','1984-01-05 01:14:32'),
  ('23','Alex','King','Stone','1988-10-04 15:12:43','1988-12-05 14:14:32');

INSERT INTO Administrator(userName, firstName, middleName, lastName, timeCreated, lastModified) VALUES
  ('ruth265','Remi','Fabinus','Rulie','1983-10-04 20:12:43','1984-01-05 01:14:32'),
  ('fts34','Alex','King','Stone','1988-10-04 15:12:43','1988-12-05 14:14:32');

INSERT INTO Organ(organId, organName) VALUES
  (1,'LIVER'),
  (2, 'KIDNEY'),
  (3, 'PANCREAS'),
  (4,'HEART'),
  (5,'LUNG'),
  (6,'INTESTINE'),
  (7,'CORNEA'),
  (8,'MIDDLE_EAR'),
  (9,'SKIN'),
  (10,'BONE_MARROW'),
  (11,'BONE'),
  (12,'CONNECTIVE_TISSUE');

INSERT INTO PreviousDisease(diseaseName, diagnosisDate, fkUserNhi) VALUES
  ('Chicken Pox', '2015-10-04 19:12:43', 'ABC1234'),
  ('Fever', '2017-11-04 15:12:43', 'ABC1234'),
  ('Malaria', '2014-09-23 18:12:21', 'DEF2314');

INSERT INTO CurrentDisease(diseaseName, diagnosisDate, fkUserNhi, isChronic) VALUES
  ('Lung Cancer', '2018-03-09 18:23:12', 'XYZ1234', TRUE),
  ('Common Cold', '2018-05-13 14:27:15', 'DEF2314', FALSE);

INSERT INTO Medication(medicationName, fkUserNhi, medicationInstanceId) VALUES
  ('Paracetamol', 'ABC1234', 12),
  ('Codeine', 'ABC1234', 15),
  ('Nicotine', 'XYZ1234', 20),
  ('Nicotine', 'DEF2314', 78);

INSERT INTO MedicationDates (keyValue, fkMedicationInstanceId, dateStartedTaking, dateStoppedTaking) VALUES
  (1, 12, '2017-01-01 00:01:01', '2017-06-07 00:01:01'),
  (2, 15, '2018-01-01 00:01:01', NULL),
  (3, 20, '2018-05-06 00:01:01', NULL),
  (4, 78, '2016-02-01 00:01:01', '2016-03-17 00:01:01'),
  (5, 12, '2018-05-05 00:01:01', NULL);

INSERT INTO OrganAwaiting(fkOrgansId, fkUserNhi, awaitingId) VALUES
  (3, 'DEF2314', 1),
  (8, 'DEF2314', 2),
  (8, 'XYZ1234', 3);

INSERT INTO OrganAwaitingDates(awaitingDateId, dateRegistered, dateDeregistered, fkAwaitingId) VALUES
  (1, '2016-11-01', NULL, 1),
  (2, '2016-11-01', '2017-05-06', 2),
  (3, '2016-10-09', NULL, 3),
  (4, '2018-02-01', NULL, 2);

INSERT INTO OrganDonating(fkOrgansId, fkUserNhi, donatingId) VALUES
  (3, 'ABC1234', 1),
  (8, 'ABC1234', 2),
  (5, 'ABC1234', 3);

INSERT INTO OrganDonatingDates(donatingDateId, dateRegistered, dateDeregistered, fkAwaitingId) VALUES
  (1, '2017-02-01', NULL, 1),
  (2, '2017-02-01', NULL, 2),
  (3, '2017-02-01', '2018-01-01', 3);


INSERT INTO HealthDetails(fkUserNhi, gender, birthGender, smoker, alcoholConsumption, height, weight, bloodType) VALUES
  ('ABC1234', 'Male', 'Male', TRUE , 'High', 163.7, 65.8, 'A+'),
  ('DEF2314', 'Male', 'Male', TRUE , 'None', 173.0, 78.8, 'B-'),
  ('XYZ1234', 'Female', 'Female', FALSE, 'Low', 165.4, 54.3, 'AB+');

INSERT INTO MedicalProcedure (procedureId, procedureName, procedureDate, fkUserNhi, procedureDescription) VALUES
  (1, 'Extract Pancreas and Middle Ear', '2018-09-01', 'ABC1234', 'Get Pancreas and Middle Ear from Donor ABC234'),
  (2, 'Implant Pancreas', '2018-10-03', 'DEF2314', 'Implant Pancreas to Receiver DEF2314');

INSERT INTO MedicalProcedureOrgan (fkOrgansId, fkProcedureId) VALUES
  (3, 1),
  (8, 1),
  (3, 2);

INSERT INTO ContactDetails(fkUserNhi, fkStaffId, homePhone, cellPhone, email) VALUES
  ('ABC1234', NULL, NULL,'0221453566', 'aaronB@gmail.com'),
  ('DEF2314', NULL, '094385522','0221453566', 'darwin@yahoo.com'),
  (NULL, '16', '044536474','0234267413', 'remi@hotmail.com'),
  (NULL, '23', '043841212','0221453566', 'lily.rose@hotmail.com'),
  ('ABC1234', NULL, '033338061','0225416653', 'email@gmail.com'),
  ('DEF2314', NULL, '092255834','0226653541', 'email2@yahoo.com');

INSERT INTO EmergencyContactDetails(fkContactId, contactName, contactRelationship, fkUserNhi) VALUES
  (1, 'Julius Ranger', 'Father', 'ABC1234'),
  (2, 'Amy Hampson', 'Cousin', 'DEF2314');

INSERT INTO Address(fkContactId, streetNumber, streetName, neighbourhood, city, region, zipCode, country, fkUserNhi, fkStaffId) VALUES
  (1,'23B', 'Cambridge St', 'Shirley', 'Christchurch', 'Canterbury', '8041', 'New Zealand', 'ABC1234', NULL),
  (5,'43', 'Josh St', 'Latimer', 'Adelaide', 'South Australia', '4336', 'Australia', 'ABC1234', NULL),
  (2, '106A', 'Oxford St', 'Hornby', 'Tauranga', 'Bay of Plenty', '8042', 'New Zealand', 'DEF2314', NULL),
  (6, 'B2', 'Matariki St', 'Papanui', 'Christchurch', 'Canterbury', '8056', 'New Zealand', 'DEF2314', NULL),
  (3, '45', 'Kirkwood Ave', 'Ilam', 'Christchurch', 'Canterbury', '8061', 'New Zealand', NULL, '16'),
  (4, '34', 'Deans  Ave', 'Haswell', 'Christchurch', 'Canterbury', '8032', 'New Zealand', NULL, '23');


INSERT INTO PasswordDetails(password_id, fkAdminUserName, fkStaffId, hash, salt) VALUES
  (1, 'ruth265', NULL, '[-59, 107, 6, -5, -94, -55, -128, -82, -56, 15, -107, 113, 108, 116, -62, 127]', '[-89, 50, 52, 79, 109, 49, -122, 1, -109, -113, -105, -9, 121, 13, -65, 94, 89, 67, 62, -31, 54, -127, 61, -85, 4, 96, -126, 39, 57, -113, -68, 88]'),
  (2, 'fts34', NULL, '[41, -42, 112, -15, 22, 77, 4, 40, -105, 12, -47, 11, -102, -26, 103, -15]', '[-10, -70, 97, 89, 81, 64, -48, 32, 45, -90, -76, -79, 51, 81, -88, -22, -119, 125, -90, 84, 18, 116, -34, -119, -81, -100, 62, 96, 81, -34, 27, 75]'),
  (3, NULL, '16', '[9, 56, 53, 123, 97, -38, 89, 40, -38, -110, 111, -70, 13, 36, 103, -72]', '[-84, -6, 43, 63, 105, -10, -15, 100, -126, -13, 22, 9, -77, -48, -46, 39, 22, -2, 111, 119, 73, -17, 120, -122, 110, -113, -59, 96, -51, 43, 40, -105]'),
  (4, NULL, '23', '[-14, 32, 103, -12, 55, 99, 49, -55, 63, -22, -86, -99, -87, 80, 117, -33]', '[54, -71, 20, -65, -104, 56, -85, 73, -74, 123, -87, -13, 40, 9, 3, 44, -64, -105, 120, 47, -23, -63, 31, 51, 49, 23, -77, -10, 60, -29, -120, 117]');